Workbook

Sheet PLAN_NAVIRE
B1: PLAN DE CHARGEMENT NAVIRE
B3: TAUX REMPLISSAGE NAVIRE | C3: =SUM(G7:G24)/SUM(H7:H24) -> 0.63272311
B6: Zone | C6: ordre chargement | D6: Type palette | E6: Stack | F6: Poids unité (kg) | G6: Nb palettes | H6: Nb max | I6: Nb max stacké | J6: % remplissage | K6: Poids total (kg) | L6: poids total autorisé | M6: chargeur | N6: numero lot 1 | O6: numero lot 2 | P6: N° BL associés
B7: INF_AR_AR | C7: 1 | D7: palettes US | E7: Non | F7: 1113.6 | G7: 12 | H7: =IF(E7="Oui", INDIRECT("'"&D7&"'!"&VLOOKUP(B7,ZONES!A:C,3,FALSE)), INDIRECT("'"&D7&"'!"&VLOOKUP(B7,ZONES!A:C,2,FALSE))) -> 12 | I7: {=INDIRECT("'"&D7&"'!"&VLOOKUP(B7,ZONES!A:C,3,FALSE))} -> 24 | J7: =IFERROR(G7/H7,0) -> 1 | K7: =G7*F7 -> 13363.2
B8: INF_AR_MIL | C8: 2 | D8: palettes US | E8: Non | F8: =((9*1108.8)+(22*1040))/31 -> 1059.9742 | G8: 31 | H8: =IF(E8="Oui", INDIRECT("'"&D8&"'!"&VLOOKUP(B8,ZONES!A:C,3,FALSE)), INDIRECT("'"&D8&"'!"&VLOOKUP(B8,ZONES!A:C,2,FALSE))) -> 31 | I8: {=INDIRECT("'"&D8&"'!"&VLOOKUP(B8,ZONES!A:C,3,FALSE))} -> 62 | J8: =IFERROR(G8/H8,0) -> 1 | K8: =G8*F8 -> 32859.2
B9: INF_AR_AV | C9: 3 | D9: palettes US | E9: Non | G9: 49 | H9: =IF(E9="Oui", INDIRECT("'"&D9&"'!"&VLOOKUP(B9,ZONES!A:C,3,FALSE)), INDIRECT("'"&D9&"'!"&VLOOKUP(B9,ZONES!A:C,2,FALSE))) -> 37 | I9: {=INDIRECT("'"&D9&"'!"&VLOOKUP(B9,ZONES!A:C,3,FALSE))} -> 74 | J9: =IFERROR(G9/H9,0) -> 1.3243243 | K9: =G9*F9 -> 0
B10: INF_AV_AR | C10: 4 | D10: palettes US | E10: Non | G10: 74 | H10: =IF(E10="Oui", INDIRECT("'"&D10&"'!"&VLOOKUP(B10,ZONES!A:C,3,FALSE)), INDIRECT("'"&D10&"'!"&VLOOKUP(B10,ZONES!A:C,2,FALSE))) -> 37 | I10: {=INDIRECT("'"&D10&"'!"&VLOOKUP(B10,ZONES!A:C,3,FALSE))} -> 74 | J10: =IFERROR(G10/H10,0) -> 2 | K10: =G10*F10 -> 0
B11: INF_AV_MIL | C11: 5 | D11: palettes US | E11: Non | G11: 30 | H11: =IF(E11="Oui", INDIRECT("'"&D11&"'!"&VLOOKUP(B11,ZONES!A:C,3,FALSE)), INDIRECT("'"&D11&"'!"&VLOOKUP(B11,ZONES!A:C,2,FALSE))) -> 30 | I11: {=INDIRECT("'"&D11&"'!"&VLOOKUP(B11,ZONES!A:C,3,FALSE))} -> 60 | J11: =IFERROR(G11/H11,0) -> 1 | K11: =G11*F11 -> 0
B12: INF_AV_AV | C12: 6 | D12: palettes US | E12: Non | G12: 30 | H12: =IF(E12="Oui", INDIRECT("'"&D12&"'!"&VLOOKUP(B12,ZONES!A:C,3,FALSE)), INDIRECT("'"&D12&"'!"&VLOOKUP(B12,ZONES!A:C,2,FALSE))) -> 38 | I12: {=INDIRECT("'"&D12&"'!"&VLOOKUP(B12,ZONES!A:C,3,FALSE))} -> 58 | J12: =IFERROR(G12/H12,0) -> 0.78947368 | K12: =G12*F12 -> 0
B13: MIL_AR_AR | C13: 7 | D13: palettes US | E13: Non | G13: 41 | H13: =IF(E13="Oui", INDIRECT("'"&D13&"'!"&VLOOKUP(B13,ZONES!A:C,3,FALSE)), INDIRECT("'"&D13&"'!"&VLOOKUP(B13,ZONES!A:C,2,FALSE))) -> 41 | I13: {=INDIRECT("'"&D13&"'!"&VLOOKUP(B13,ZONES!A:C,3,FALSE))} -> 80 | J13: =IFERROR(G13/H13,0) -> 1 | K13: =G13*F13 -> 0
B14: MIL_AR_MIL | C14: 8 | D14: palettes US | E14: Oui | G14: 41 | H14: =IF(E14="Oui", INDIRECT("'"&D14&"'!"&VLOOKUP(B14,ZONES!A:C,3,FALSE)), INDIRECT("'"&D14&"'!"&VLOOKUP(B14,ZONES!A:C,2,FALSE))) -> 54 | I14: {=INDIRECT("'"&D14&"'!"&VLOOKUP(B14,ZONES!A:C,3,FALSE))} -> 54 | J14: =IFERROR(G14/H14,0) -> 0.75925926 | K14: =G14*F14 -> 0
B15: MIL_AR_AV | C15: 9 | D15: palettes US | E15: Oui | G15: 84 | H15: =IF(E15="Oui", INDIRECT("'"&D15&"'!"&VLOOKUP(B15,ZONES!A:C,3,FALSE)), INDIRECT("'"&D15&"'!"&VLOOKUP(B15,ZONES!A:C,2,FALSE))) -> 84 | I15: {=INDIRECT("'"&D15&"'!"&VLOOKUP(B15,ZONES!A:C,3,FALSE))} -> 84 | J15: =IFERROR(G15/H15,0) -> 1 | K15: =G15*F15 -> 0
B16: MIL_AV_AR | C16: 10 | D16: palettes US | E16: Non | G16: 39 | H16: =IF(E16="Oui", INDIRECT("'"&D16&"'!"&VLOOKUP(B16,ZONES!A:C,3,FALSE)), INDIRECT("'"&D16&"'!"&VLOOKUP(B16,ZONES!A:C,2,FALSE))) -> 39 | I16: {=INDIRECT("'"&D16&"'!"&VLOOKUP(B16,ZONES!A:C,3,FALSE))} -> 78 | J16: =IFERROR(G16/H16,0) -> 1 | K16: =G16*F16 -> 0
B17: MIL_AV_MIL | C17: 11 | D17: palettes US | E17: Oui | G17: 60 | H17: =IF(E17="Oui", INDIRECT("'"&D17&"'!"&VLOOKUP(B17,ZONES!A:C,3,FALSE)), INDIRECT("'"&D17&"'!"&VLOOKUP(B17,ZONES!A:C,2,FALSE))) -> 60 | I17: {=INDIRECT("'"&D17&"'!"&VLOOKUP(B17,ZONES!A:C,3,FALSE))} -> 60 | J17: =IFERROR(G17/H17,0) -> 1 | K17: =G17*F17 -> 0
B18: MIL_AV_AV | C18: 12 | D18: palettes US | E18: Non | G18: 42 | H18: =IF(E18="Oui", INDIRECT("'"&D18&"'!"&VLOOKUP(B18,ZONES!A:C,3,FALSE)), INDIRECT("'"&D18&"'!"&VLOOKUP(B18,ZONES!A:C,2,FALSE))) -> 42 | I18: {=INDIRECT("'"&D18&"'!"&VLOOKUP(B18,ZONES!A:C,3,FALSE))} -> 38 | J18: =IFERROR(G18/H18,0) -> 1 | K18: =G18*F18 -> 0
B19: SUP_AR_AR | C19: 13 | D19: barriques 120 120 | E19: Non | G19: 20 | H19: =IF(E19="Oui", INDIRECT("'"&D19&"'!"&VLOOKUP(B19,ZONES!A:C,3,FALSE)), INDIRECT("'"&D19&"'!"&VLOOKUP(B19,ZONES!A:C,2,FALSE))) -> 45 | I19: {=INDIRECT("'"&D19&"'!"&VLOOKUP(B19,ZONES!A:C,3,FALSE))} -> 0 | J19: =IFERROR(G19/H19,0) -> 0.44444444 | K19: =G19*F19 -> 0
B20: SUP_AR_MIL | C20: 14 | D20: palettes eu | E20: Non | G20: 0 | H20: =IF(E20="Oui", INDIRECT("'"&D20&"'!"&VLOOKUP(B20,ZONES!A:C,3,FALSE)), INDIRECT("'"&D20&"'!"&VLOOKUP(B20,ZONES!A:C,2,FALSE))) -> 39 | I20: {=INDIRECT("'"&D20&"'!"&VLOOKUP(B20,ZONES!A:C,3,FALSE))} -> 60 | J20: =IFERROR(G20/H20,0) -> 0 | K20: =G20*F20 -> 0
... B24: SUP_AV_AV | C24: 18 | D24: palettes eu | E24: Non | G24: 0 | H24: =IF(E24="Oui", INDIRECT("'"&D24&"'!"&VLOOKUP(B24,ZONES!A:C,3,FALSE)), INDIRECT("'"&D24&"'!"&VLOOKUP(B24,ZONES!A:C,2,FALSE))) -> 68 | I24: {=INDIRECT("'"&D24&"'!"&VLOOKUP(B24,ZONES!A:C,3,FALSE))} -> 112 | J24: =IFERROR(G24/H24,0) -> 0 | K24: =G24*F24 -> 0

Sheet ZONES
A1: Zone | B1: Normal | C1: Stack
A2: SUP_AR_AV | B2: L8 | C2: N8
A3: SUP_AR_MIL | B3: H8 | C3: J8
A4: SUP_AR_AR | B4: D8 | C4: F8
A5: SUP_AV_AV | B5: P8 | C5: R8
A6: SUP_AV_MIL | B6: T8 | C6: V8
A7: SUP_AV_AR | B7: X8 | C7: Z8
A8: MIL_AR_AV | B8: L10 | C8: N10
A9: MIL_AR_MIL | B9: H10 | C9: J10
A10: MIL_AR_AR | B10: D10 | C10: F10
A11: MIL_AV_AV | B11: P10 | C11: R10
A12: MIL_AV_MIL | B12: T10 | C12: V10
... A19: INF_AV_AR | B19: X12 | C19: Z12

Sheet palettes eu
C2: Palette EU pour ce cas, il n'y a pas eu de marge ajoutée aux palettes
D4: PARTIE ARRIERE | P4: PARTIE AVANT
D5: bloc arrière | H5: bloc milieu | L5: bloc Avant | P5: Ar | T5: milieu | X5: Avant
D6: simple | E6: kg/U | F6: stack | G6: kg/U stack | H6: simple | I6: kg/U | J6: stack | K6: kg/U stack | L6: simple | M6: kg/U | N6: stack | O6: kg/U stack | P6: simple | Q6: kg/U | R6: stack | S6: kg/U stack | T6: simple | U6: kg/U | V6: stack | W6: kg/U stack | X6: simple | Y6: kg/U | Z6: stack | AA6: kg/U stack
C7: cale SUPERIEURE | D7: 73 | E7: m2 | F7: 1 | G7: t/m2 | H7: 61 | I7: m2 | J7: 1 | K7: t/m2 | L7: 73 | M7: m2 | N7: 1 | O7: t/m2 | P7: 73 | Q7: m2 | R7: 1 | S7: t/m2 | T7: 61 | U7: m2 | V7: 1 | W7: t/m2 | X7: 76 | Y7: m2 | Z7: 1 | AA7: t/m2
D8: 69 | E8: =D7*F7/D8 -> 1.057971 | F8: 129 | G8: =D7*F7/(F8+D8) -> 0.36868687 | H8: 39 | I8: =H7*J7/H8 -> 1.5641026 | J8: 60 | K8: =H7*J7/(J8+H8) -> 0.61616162 | L8: 69 | M8: =73/22 -> 3.3181818 | N8: 129 | O8: =L7*N7/(N8+L8) -> 0.36868687 | P8: 68 | Q8: =P7*R7/P8 -> 1.0735294 | R8: 112 | S8: =P7*R7/(R8+P8) -> 0.40555556 | T8: 40 | U8: =T7*V7/T8 -> 1.525 | V8: 74 | W8: =T7*V7/(V8+T8) -> 0.53508772 | X8: 72 | Y8: =X7*Z7/X8 -> 1.0555556 | Z8: 108 | AA8: =X7*Z7/(Z8+X8) -> 0.42222222
C9: cale INTERMEDIAIRE | D9: 62 | E9: m2 | F9: 2 | G9: t/m2 | H9: 61 | I9: m2 | J9: 1.3 | K9: t/m2 | L9: 69 | M9: m2 | N9: 2 | O9: t/m2 | P9: 69 | Q9: m2 | R9: 2 | S9: t/m2 | T9: 57 | U9: m2 | V9: 1.3 | W9: t/m2 | X9: 70 | Y9: m2 | Z9: 1 | AA9: t/m2
D10: 58 | E10: =D9*F9/D10 -> 2.137931 | F10: 108 | G10: =D9*F9/(F10+D10) -> 0.74698795 | H10: 39 | I10: =H9*J9/H10 -> 2.0333333 | J10: 60 | K10: =H9*J9/(J10+H10) -> 0.8010101 | L10: 69 | M10: =L9*N9/L10 -> 2 | N10: 129 | O10: =L9*N9/(N10+L10) -> 0.6969697 | P10: 68 | Q10: =P9*R9/P10 -> 2.0294118 | R10: 128 | S10: =P9*R9/(R10+P10) -> 0.70408163 | T10: 42 | U10: =T9*V9/T10 -> 1.7642857 | V10: 84 | W10: =T9*V9/(V10+T10) -> 0.58809524 | X10: 56 | Y10: =X9*Z9/X10 -> 1.25 | Z10: 106 | AA10: =X9*Z9/(Z10+X10) -> 0.43209877
C11: INF | D11: 20 | E11: m2 | F11: 2.5 | G11: t/m2 | H11: 56 | I11: m2 | J11: 2.5 | K11: t/m2 | L11: 68 | M11: m2 | N11: 2.5 | O11: t/m2 | P11: 66 | Q11: m2 | R11: 2.5 | S11: t/m2 | T11: 59 | U11: m2 | V11: 2.5 | W11: t/m2 | X11: 64 | Y11: m2 | Z11: 2.5 | AA11: t/m2
D12: 20 | E12: =D11*F11/D12 -> 2.5 | F12: 40 | G12: =D11*F11/(F12+D12) -> 0.83333333 | H12: 36 | I12: =H11*J11/H12 -> 3.8888889 | J12: 50 | K12: =H11*J11/(J12+H12) -> 1.627907 | L12: 68 | M12: =L11*N11/L12 -> 2.5 | N12: 106 | O12: =L11*N11/(N12+L12) -> 0.97701149 | P12: 65 | Q12: =P11*R11/P12 -> 2.5384615 | R12: 125 | S12: =P11*R11/(R12+P12) -> 0.86842105 | T12: 38 | U12: =T11*V11/T12 -> 3.8815789 | V12: 68 | W12: =T11*V11/(V12+T12) -> 1.3915094 | X12: 56 | Y12: =X11*Z11/X12 -> 2.8571429 | Z12: 106 | AA12: =X11*Z11/(Z12+X12) -> 0.98765432
C15: total cale sup AR | D15: =D8+H8+L8 -> 177 | G15: total cale superieure | I15: =D15+D17 -> 357 | K15: total | L15: =I15+I19+I23 -> 972
C16: total cale sup AR stacké | D16: =F8+J8+N8 -> 318
C17: total cale sup AV | D17: =P8+T8+X8 -> 180 | G17: total cale superieure stack | I17: =D16+D18 -> 612
C18: total cale sup AV stacké | D18: =R8+V8+Z8 -> 294
C19: total cale int AR | D19: =D10+H10+L10 -> 166 | G19: total cale intermediaire | I19: =D19+D21 -> 332
C20: total cale int AR stacké | D20: =F10+J10+N10 -> 297
C21: total cale int AV | D21: =P10+T10+X10 -> 166 | G21: total cale intermediaire stack | I21: =D20+D22 -> 615
C22: total cale int AV stacké | D22: =R10+V10+Z10 -> 318 | K22: total stack | L22: =I17+I21+I25 -> 1722
C23: total cale inf AR | D23: =D12+H12+L12 -> 124 | G23: total cale inferieure | I23: =D23+D25 -> 283
C24: total cale inf AR stacké | D24: =F12+J12+N12 -> 196
C25: total cale inf AV | D25: =P12+T12+X12 -> 159 | G25: total cale inferieure stack | I25: =D24+D26 -> 495
C26: total cale inf AV stacké | D26: =R12+V12+Z12 -> 299

Sheet palettes US
C2: Palettes US
D4: PARTIE ARRIERE | P4: PARTIE AVANT
D5: bloc arrière | H5: bloc milieu | L5: bloc Avant | P5: Ar | T5: milieu | X5: Avant
D6: simple | E6: kg/U | F6: stack | G6: kg/U stack | H6: simple | I6: kg/U | J6: stack | K6: kg/U stack | L6: simple | M6: kg/U | N6: stack | O6: kg/U stack | P6: simple | Q6: kg/U | R6: stack | S6: kg/U stack | T6: simple | U6: kg/U | V6: stack | W6: kg/U stack | X6: simple | Y6: kg/U | Z6: stack | AA6: kg/U stack
C7: cale SUPERIEURE | D7: 73 | E7: m2 | F7: 1 | G7: t/m2 | H7: 61 | I7: m2 | J7: 1 | K7: t/m2 | L7: 73 | M7: m2 | N7: 1 | O7: t/m2 | P7: 73 | Q7: m2 | R7: 1 | S7: t/m2 | T7: 61 | U7: m2 | V7: 1 | W7: t/m2 | X7: 76 | Y7: m2 | Z7: 1 | AA7: t/m2
D8: 47 | E8: =D7*F7/D8 -> 1.5531915 | F8: 87 | G8: =D7*F7/F8 -> 0.83908046 | H8: 20 | I8: =H7*J7/H8 -> 3.05 | J8: 40 | K8: =H7*J7/J8 -> 1.525 | L8: 44 | M8: =73/22 -> 3.3181818 | N8: 80 | O8: =L7*N7/N8 -> 0.9125 | P8: 42 | Q8: =P7*R7/P8 -> 1.7380952 | R8: 83 | S8: =P7*R7/R8 -> 0.87951807 | T8: 23 | U8: =T7*V7/T8 -> 2.6521739 | V8: 46 | W8: =T7*V7/V8 -> 1.326087 | X8: 44 | Y8: =X7*Z7/X8 -> 1.7272727 | Z8: 80 | AA8: =X7*Z7/Z8 -> 0.95
C9: cale INTERMEDIAIRE | D9: 62 | E9: m2 | F9: 2 | G9: t/m2 | H9: 61 | I9: m2 | J9: 1.3 | K9: t/m2 | L9: 69 | M9: m2 | N9: 2 | O9: t/m2 | P9: 69 | Q9: m2 | R9: 2 | S9: t/m2 | T9: 57 | U9: m2 | V9: 1.3 | W9: t/m2 | X9: 70 | Y9: m2 | Z9: 1 | AA9: t/m2
D10: 41 | E10: =D9*F9/D10 -> 3.0243902 | F10: 80 | G10: =D9*F9/F10 -> 1.55 | H10: 27 | I10: =H9*J9/H10 -> 2.937037 | J10: 54 | K10: =H9*J9/J10 -> 1.4685185 | L10: 42 | M10: =L9*N9/L10 -> 3.2857143 | N10: 84 | O10: =L9*N9/N10 -> 1.6428571 | P10: 42 | Q10: =P9*R9/P10 -> 3.2857143 | R10: 38 | S10: =P9*R9/R10 -> 3.6315789 | T10: 30 | U10: =T9*V9/T10 -> 2.47 | V10: 60 | W10: =T9*V9/V10 -> 1.235 | X10: 39 | Y10: =X9*Z9/X10 -> 1.7948718 | Z10: 78 | AA10: =X9*Z9/Z10 -> 0.8974359
C11: INF | D11: 20 | E11: m2 | F11: 2.5 | G11: t/m2 | H11: 56 | I11: m2 | J11: 2.5 | K11: t/m2 | L11: 68 | M11: m2 | N11: 2.5 | O11: t/m2 | P11: 66 | Q11: m2 | R11: 2.5 | S11: t/m2 | T11: 59 | U11: m2 | V11: 2.5 | W11: t/m2 | X11: 64 | Y11: m2 | Z11: 2.5 | AA11: t/m2
D12: 12 | E12: =D11*F11/D12 -> 4.1666667 | F12: 24 | G12: =D11*F11/F12 -> 2.0833333 | H12: 31 | I12: =H11*J11/H12 -> 4.516129 | J12: 62 | K12: =H11*J11/J12 -> 2.2580645 | L12: 37 | M12: =L11*N11/L12 -> 4.5945946 | N12: 74 | O12: =L11*N11/N12 -> 2.2972973 | P12: 38 | Q12: =P11*R11/P12 -> 4.3421053 | R12: 58 | S12: =P11*R11/R12 -> 2.8448276 | T12: 30 | U12: =T11*V11/T12 -> 4.9166667 | V12: 60 | W12: =T11*V11/V12 -> 2.4583333 | X12: 37 | Y12: =X11*Z11/X12 -> 4.3243243 | Z12: 74 | AA12: =X11*Z11/Z12 -> 2.1621622
C15: total cale sup AR | D15: =D8+H8+L8 -> 111 | G15: total cale superieure | I15: =D15+D17 -> 220 | K15: total | L15: =I15+I19+I23 -> 626
C16: total cale sup AR stacké | D16: =F8+J8+N8 -> 207
C17: total cale sup AV | D17: =P8+T8+X8 -> 109 | G17: total cale superieure stack | I17: =D16+D18 -> 416
C18: total cale sup AV stacké | D18: =R8+V8+Z8 -> 209
C19: total cale int AR | D19: =D10+H10+L10 -> 110 | G19: total cale intermediaire | I19: =D19+D21 -> 221
C20: total cale int AR stacké | D20: =F10+J10+N10 -> 218
C21: total cale int AV | D21: =P10+T10+X10 -> 111 | G21: total cale intermediaire stack | I21: =D20+D22 -> 394
C22: total cale int AV stacké | D22: =R10+V10+Z10 -> 176 | K22: total stack | L22: =I17+I21+I25 -> 1162
C23: total cale inf AR | D23: =D12+H12+L12 -> 80 | G23: total cale inferieure | I23: =D23+D25 -> 185
C24: total cale inf AR stacké | D24: =F12+J12+N12 -> 160
C25: total cale inf AV | D25: =P12+T12+X12 -> 105 | G25: total cale inferieure stack | I25: =D24+D26 -> 352
C26: total cale inf AV stacké | D26: =R12+V12+Z12 -> 192

Sheet IBC
C2: IBC (+6cm)
D4: PARTIE ARRIERE | P4: PARTIE AVANT
D5: bloc arrière | H5: bloc milieu | L5: bloc Avant | P5: Ar | T5: milieu | X5: Avant
D6: simple | E6: kg/U | F6: stack | G6: kg/U stack | H6: simple | I6: kg/U | J6: stack | K6: kg/U stack | L6: simple | M6: kg/U | N6: stack | O6: kg/U stack | P6: simple | Q6: kg/U | R6: stack | S6: kg/U stack | T6: simple | U6: kg/U | V6: stack | W6: kg/U stack | X6: simple | Y6: kg/U | Z6: stack | AA6: kg/U stack
C7: cale SUPERIEURE | D7: 73 | E7: m2 | F7: 1 | G7: t/m2 | H7: 61 | I7: m2 | J7: 1 | K7: t/m2 | L7: 73 | M7: m2 | N7: 1 | O7: t/m2 | P7: 73 | Q7: m2 | R7: 1 | S7: t/m2 | T7: 61m2 | U7: m2 | V7: 1 | W7: t/m2 | X7: 76 | Y7: m2 | Z7: 1 | AA7: t/m2
D8: 51 | E8: =D7*F7/D8 -> 1.4313725 | G8: =D7*F7/F8 -> #DIV/0! | H8: 24 | I8: =H7*J7/H8 -> 2.5416667 | K8: =H7*J7/J8 -> #DIV/0! | L8: 52 | M8: =73/22 -> 3.3181818 | O8: =L7*N7/N8 -> #DIV/0! | P8: 52 | Q8: =P7*R7/P8 -> 1.4038462 | S8: =P7*R7/R8 -> #DIV/0! | T8: 25 | U8: =T7*V7/T8 -> #VALUE! | W8: =T7*V7/V8 -> #VALUE! | X8: 53 | Y8: =X7*Z7/X8 -> 1.4339623 | AA8: =X7*Z7/Z8 -> #DIV/0!
C9: cale INTERMEDIAIRE | D9: 62 | E9: m2 | F9: 2 | G9: t/m2 | H9: 61 | I9: m2 | J9: 1.3 | K9: t/m2 | L9: 69 | M9: m2 | N9: 2 | O9: t/m2 | P9: 69 | Q9: m2 | R9: 2 | S9: t/m2 | T9: 57 | U9: m2 | V9: 1.3 | W9: t/m2 | X9: 70 | Y9: m2 | Z9: 1 | AA9: t/m2
D10: 43 | E10: =D9*F9/D10 -> 2.8837209 | G10: =D9*F9/F10 -> #DIV/0! | H10: 33 | I10: =H9*J9/H10 -> 2.4030303 | K10: =H9*J9/J10 -> #DIV/0! | L10: 50 | M10: =L9*N9/L10 -> 2.76 | O10: =L9*N9/N10 -> #DIV/0! | P10: 48 | Q10: =P9*R9/P10 -> 2.875 | S10: =P9*R9/R10 -> #DIV/0! | T10: 32 | U10: =T9*V9/T10 -> 2.315625 | W10: =T9*V9/V10 -> #DIV/0! | X10: 43 | Y10: =X9*Z9/X10 -> 1.627907 | AA10: =X9*Z9/Z10 -> #DIV/0!
C11: INF | D11: 20 | E11: m2 | F11: 2.5 | G11: t/m2 | H11: 56 | I11: m2 | J11: 2.5 | K11: t/m2 | L11: 68 | M11: m2 | N11: 2.5 | O11: t/m2 | P11: 66 | Q11: m2 | R11: 2.5 | S11: t/m2 | T11: 59 | U11: m2 | V11: 2.5 | W11: t/m2 | X11: 64 | Y11: m2 | Z11: 2.5 | AA11: t/m2
D12: 16 | E12: =D11*F11/D12 -> 3.125 | G12: =D11*F11/F12 -> #DIV/0! | H12: 33 | I12: =H11*J11/H12 -> 4.2424242 | K12: =H11*J11/J12 -> #DIV/0! | L12: 49 | M12: =L11*N11/L12 -> 3.4693878 | O12: =L11*N11/N12 -> #DIV/0! | P12: 46 | Q12: =P11*R11/P12 -> 3.5869565 | S12: =P11*R11/R12 -> #DIV/0! | T12: 31 | U12: =T11*V11/T12 -> 4.7580645 | W12: =T11*V11/V12 -> #DIV/0! | X12: 42 | Y12: =X11*Z11/X12 -> 3.8095238 | AA12: =X11*Z11/Z12 -> #DIV/0!
C15: total cale sup AR | D15: =D8+H8+L8 -> 127 | G15: total cale superieure | I15: =D15+D17 -> 257 | K15: total | L15: =I15+I19+I23 -> 723
C16: total cale sup AR stacké | D16: =F8+J8+N8 -> 0
C17: total cale sup AV | D17: =P8+T8+X8 -> 130 | G17: total cale superieure stack | I17: =D16+D18 -> 0
C18: total cale sup AV stacké | D18: =R8+V8+Z8 -> 0
C19: total cale int AR | D19: =D10+H10+L10 -> 126 | G19: total cale intermediaire | I19: =D19+D21 -> 249
C20: total cale int AR stacké | D20: =F10+J10+N10 -> 0
C21: total cale int AV | D21: =P10+T10+X10 -> 123 | G21: total cale intermediaire stack | I21: =D20+D22 -> 0
C22: total cale int AV stacké | D22: =R10+V10+Z10 -> 0 | K22: total stack | L22: =I17+I21+I25 -> 0
C23: total cale inf AR | D23: =D12+H12+L12 -> 98 | G23: total cale inferieure | I23: =D23+D25 -> 217
C24: total cale inf AR stacké | D24: =F12+J12+N12 -> 0
C25: total cale inf AV | D25: =P12+T12+X12 -> 119 | G25: total cale inferieure stack | I25: =D24+D26 -> 0
C26: total cale inf AV stacké | D26: =R12+V12+Z12 -> 0

Sheet Big bag palus
C2: palettes Big bags (+3cm)
D4: PARTIE ARRIERE | P4: PARTIE AVANT
D5: bloc arrière | H5: bloc milieu | L5: bloc Avant | P5: Ar | T5: milieu | X5: Avant
D6: simple | E6: kg/U | F6: stack | G6: kg/U stack | H6: simple | I6: kg/U | J6: stack | K6: kg/U stack | L6: simple | M6: kg/U | N6: stack | O6: kg/U stack | P6: simple | Q6: kg/U | R6: stack | S6: kg/U stack | T6: simple | U6: kg/U | V6: stack | W6: kg/U stack | X6: simple | Y6: kg/U | Z6: stack | AA6: kg/U stack
C7: cale SUPERIEURE | D7: 73 | E7: m2 | F7: 1 | G7: t/m2 | H7: 61 | I7: m2 | J7: 1 | K7: t/m2 | L7: 73 | M7: m2 | N7: 1 | O7: t/m2 | P7: 73 | Q7: m2 | R7: 1 | S7: t/m2 | T7: 61m2 | U7: m2 | V7: 1 | W7: t/m2 | X7: 76 | Y7: m2 | Z7: 1 | AA7: t/m2
D8: 54 | E8: =D7*F7/D8 -> 1.3518519 | F8: 87 | G8: =D7*F7/F8 -> 0.83908046 | H8: 27 | I8: =H7*J7/H8 -> 2.2592593 | J8: 40 | K8: =H7*J7/J8 -> 1.525 | L8: 54 | M8: =73/22 -> 3.3181818 | N8: 80 | O8: =L7*N7/N8 -> 0.9125 | P8: 52 | Q8: =P7*R7/P8 -> 1.4038462 | R8: 83 | S8: =P7*R7/R8 -> 0.87951807 | T8: 27 | U8: =T7*V7/T8 -> #VALUE! | V8: 46 | W8: =T7*V7/V8 -> #VALUE! | X8: 55 | Y8: =X7*Z7/X8 -> 1.3818182 | Z8: 80 | AA8: =X7*Z7/Z8 -> 0.95
C9: cale INTERMEDIAIRE | D9: 62 | E9: m2 | F9: 2 | G9: t/m2 | H9: 61 | I9: m2 | J9: 1.3 | K9: t/m2 | L9: 69 | M9: m2 | N9: 2 | O9: t/m2 | P9: 69 | Q9: m2 | R9: 2 | S9: t/m2 | T9: 57 | U9: m2 | V9: 1.3 | W9: t/m2 | X9: 70 | Y9: m2 | Z9: 1 | AA9: t/m2
D10: 45 | E10: =D9*F9/D10 -> 2.7555556 | F10: 80 | G10: =D9*F9/F10 -> 1.55 | H10: 33 | I10: =H9*J9/H10 -> 2.4030303 | J10: 54 | K10: =H9*J9/J10 -> 1.4685185 | L10: 53 | M10: =L9*N9/L10 -> 2.6037736 | N10: 84 | O10: =L9*N9/N10 -> 1.6428571 | P10: 52 | Q10: =P9*R9/P10 -> 2.6538462 | R10: 38 | S10: =P9*R9/R10 -> 3.6315789 | T10: 33 | U10: =T9*V9/T10 -> 2.2454545 | V10: 60 | W10: =T9*V9/V10 -> 1.235 | X10: 44 | Y10: =X9*Z9/X10 -> 1.5909091 | Z10: 78 | AA10: =X9*Z9/Z10 -> 0.8974359
C11: INF | D11: 20 | E11: m2 | F11: 2.5 | G11: t/m2 | H11: 56 | I11: m2 | J11: 2.5 | K11: t/m2 | L11: 68 | M11: m2 | N11: 2.5 | O11: t/m2 | P11: 66 | Q11: m2 | R11: 2.5 | S11: t/m2 | T11: 59 | U11: m2 | V11: 2.5 | W11: t/m2 | X11: 64 | Y11: m2 | Z11: 2.5 | AA11: t/m2
D12: 16 | E12: =D11*F11/D12 -> 3.125 | F12: 24 | G12: =D11*F11/F12 -> 2.0833333 | H12: 33 | I12: =H11*J11/H12 -> 4.2424242 | J12: 62 | K12: =H11*J11/J12 -> 2.2580645 | L12: 49 | M12: =L11*N11/L12 -> 3.4693878 | N12: 74 | O12: =L11*N11/N12 -> 2.2972973 | P12: 48 | Q12: =P11*R11/P12 -> 3.4375 | R12: 58 | S12: =P11*R11/R12 -> 2.8448276 | T12: 31 | U12: =T11*V11/T12 -> 4.7580645 | V12: 60 | W12: =T11*V11/V12 -> 2.4583333 | X12: 44 | Y12: =X11*Z11/X12 -> 3.6363636 | Z12: 74 | AA12: =X11*Z11/Z12 -> 2.1621622
C15: total cale sup AR | D15: =D8+H8+L8 -> 135 | G15: total cale superieure | I15: =D15+D17 -> 269 | K15: total | L15: =I15+I19+I23 -> 750
C16: total cale sup AR stacké | D16: =F8+J8+N8 -> 207
C17: total cale sup AV | D17: =P8+T8+X8 -> 134 | G17: total cale superieure stack | I17: =D16+D18 -> 416
C18: total cale sup AV stacké | D18: =R8+V8+Z8 -> 209
C19: total cale int AR | D19: =D10+H10+L10 -> 131 | G19: total cale intermediaire | I19: =D19+D21 -> 260
C20: total cale int AR stacké | D20: =F10+J10+N10 -> 218
C21: total cale int AV | D21: =P10+T10+X10 -> 129 | G21: total cale intermediaire stack | I21: =D20+D22 -> 394
C22: total cale int AV stacké | D22: =R10+V10+Z10 -> 176 | K22: total stack | L22: =I17+I21+I25 -> 1162
C23: total cale inf AR | D23: =D12+H12+L12 -> 98 | G23: total cale inferieure | I23: =D23+D25 -> 221
C24: total cale inf AR stacké | D24: =F12+J12+N12 -> 160
C25: total cale inf AV | D25: =P12+T12+X12 -> 123 | G25: total cale inferieure stack | I25: =D24+D26 -> 352
C26: total cale inf AV stacké | D26: =R12+V12+Z12 -> 192

Sheet barriques 120 120
C2: palettes barriques 120 120 (+3cm)
D4: PARTIE ARRIERE | P4: PARTIE AVANT
D5: bloc arrière | H5: bloc milieu | L5: bloc Avant | P5: Ar | T5: milieu | X5: Avant
D6: simple | E6: kg/U | F6: stack | G6: kg/U stack | H6: simple | I6: kg/U | J6: stack | K6: kg/U stack | L6: simple | M6: kg/U | N6: stack | O6: kg/U stack | P6: simple | Q6: kg/U | R6: stack | S6: kg/U stack | T6: simple | U6: kg/U | V6: stack | W6: kg/U stack | X6: simple | Y6: kg/U | Z6: stack | AA6: kg/U stack
C7: cale SUPERIEURE | D7: 73 | E7: m2 | F7: 1 | G7: t/m2 | H7: 61 | I7: m2 | J7: 1 | K7: t/m2 | L7: 73 | M7: m2 | N7: 1 | O7: t/m2 | P7: 73 | Q7: m2 | R7: 1 | S7: t/m2 | T7: 61m2 | U7: m2 | V7: 1 | W7: t/m2 | X7: 76 | Y7: m2 | Z7: 1 | AA7: t/m2
D8: 45 | E8: =D7*F7/D8 -> 1.6222222 | G8: =D7*F7/F8 -> #DIV/0! | H8: 22 | I8: =H7*J7/H8 -> 2.7727273 | K8: =H7*J7/J8 -> #DIV/0! | L8: 43 | M8: =73/22 -> 3.3181818 | O8: =L7*N7/N8 -> #DIV/0! | P8: 43 | Q8: =P7*R7/P8 -> 1.6976744 | S8: =P7*R7/R8 -> #DIV/0! | T8: 22 | U8: =T7*V7/T8 -> #VALUE! | W8: =T7*V7/V8 -> #VALUE! | X8: 46 | Y8: =X7*Z7/X8 -> 1.6521739 | AA8: =X7*Z7/Z8 -> #DIV/0!
C9: cale INTERMEDIAIRE | D9: 62 | E9: m2 | F9: 2 | G9: t/m2 | H9: 61 | I9: m2 | J9: 1.3 | K9: t/m2 | L9: 69 | M9: m2 | N9: 2 | O9: t/m2 | P9: 69 | Q9: m2 | R9: 2 | S9: t/m2 | T9: 57 | U9: m2 | V9: 1.3 | W9: t/m2 | X9: 70 | Y9: m2 | Z9: 1 | AA9: t/m2
D10: 38 | E10: =D9*F9/D10 -> 3.2631579 | G10: =D9*F9/F10 -> #DIV/0! | H10: 26 | I10: =H9*J9/H10 -> 3.05 | K10: =H9*J9/J10 -> #DIV/0! | L10: 43 | M10: =L9*N9/L10 -> 3.2093023 | O10: =L9*N9/N10 -> #DIV/0! | P10: 43 | Q10: =P9*R9/P10 -> 3.2093023 | S10: =P9*R9/R10 -> #DIV/0! | T10: 25 | U10: =T9*V9/T10 -> 2.964 | W10: =T9*V9/V10 -> #DIV/0! | X10: 39 | Y10: =X9*Z9/X10 -> 1.7948718 | AA10: =X9*Z9/Z10 -> #DIV/0!
C11: INF | D11: 20 | E11: m2 | F11: 2.5 | G11: t/m2 | H11: 56 | I11: m2 | J11: 2.5 | K11: t/m2 | L11: 68 | M11: m2 | N11: 2.5 | O11: t/m2 | P11: 66 | Q11: m2 | R11: 2.5 | S11: t/m2 | T11: 59 | U11: m2 | V11: 2.5 | W11: t/m2 | X11: 64 | Y11: m2 | Z11: 2.5 | AA11: t/m2
D12: 12 | E12: =D11*F11/D12 -> 4.1666667 | G12: =D11*F11/F12 -> #DIV/0! | H12: 26 | I12: =H11*J11/H12 -> 5.3846154 | K12: =H11*J11/J12 -> #DIV/0! | L12: 39 | M12: =L11*N11/L12 -> 4.3589744 | O12: =L11*N11/N12 -> #DIV/0! | P12: 40 | Q12: =P11*R11/P12 -> 4.125 | S12: =P11*R11/R12 -> #DIV/0! | T12: 26 | U12: =T11*V11/T12 -> 5.6730769 | W12: =T11*V11/V12 -> #DIV/0! | X12: 36 | Y12: =X11*Z11/X12 -> 4.4444444 | AA12: =X11*Z11/Z12 -> #DIV/0!
C15: total cale sup AR | D15: =D8+H8+L8 -> 110 | G15: total cale superieure | I15: =D15+D17 -> 221 | K15: total | L15: =I15+I19+I23 -> 614
C16: total cale sup AR stacké | D16: =F8+J8+N8 -> 0
C17: total cale sup AV | D17: =P8+T8+X8 -> 111 | G17: total cale superieure stack | I17: =D16+D18 -> 0
C18: total cale sup AV stacké | D18: =R8+V8+Z8 -> 0
C19: total cale int AR | D19: =D10+H10+L10 -> 107 | G19: total cale intermediaire | I19: =D19+D21 -> 214
C20: total cale int AR stacké | D20: =F10+J10+N10 -> 0
C21: total cale int AV | D21: =P10+T10+X10 -> 107 | G21: total cale intermediaire stack | I21: =D20+D22 -> 0
C22: total cale int AV stacké | D22: =R10+V10+Z10 -> 0 | K22: total stack | L22: =I17+I21+I25 -> 0
C23: total cale inf AR | D23: =D12+H12+L12 -> 77 | G23: total cale inferieure | I23: =D23+D25 -> 179
C24: total cale inf AR stacké | D24: =F12+J12+N12 -> 0
C25: total cale inf AV | D25: =P12+T12+X12 -> 102 | G25: total cale inferieure stack | I25: =D24+D26 -> 0
C26: total cale inf AV stacké | D26: =R12+V12+Z12 -> 0

Sheet barriques 140 140
C2: palettes barriques 140 140 (+3cm)
D4: PARTIE ARRIERE | P4: PARTIE AVANT
D5: bloc arrière | H5: bloc milieu | L5: bloc Avant | P5: Ar | T5: milieu | X5: Avant
D6: simple | E6: kg/U | F6: stack | G6: kg/U stack | H6: simple | I6: kg/U | J6: stack | K6: kg/U stack | L6: simple | M6: kg/U | N6: stack | O6: kg/U stack | P6: simple | Q6: kg/U | R6: stack | S6: kg/U stack | T6: simple | U6: kg/U | V6: stack | W6: kg/U stack | X6: simple | Y6: kg/U | Z6: stack | AA6: kg/U stack
C7: cale SUPERIEURE | D7: 73 | E7: m2 | F7: 1 | G7: t/m2 | H7: 61 | I7: m2 | J7: 1 | K7: t/m2 | L7: 73 | M7: m2 | N7: 1 | O7: t/m2 | P7: 73 | Q7: m2 | R7: 1 | S7: t/m2 | T7: 61m2 | U7: m2 | V7: 1 | W7: t/m2 | X7: 76 | Y7: m2 | Z7: 1 | AA7: t/m2
D8: 31 | E8: =D7*F7/D8 -> 2.3548387 | G8: =D7*F7/F8 -> #DIV/0! | H8: 20 | I8: =H7*J7/H8 -> 3.05 | K8: =H7*J7/J8 -> #DIV/0! | L8: 31 | M8: =73/22 -> 3.3181818 | O8: =L7*N7/N8 -> #DIV/0! | P8: 31 | Q8: =P7*R7/P8 -> 2.3548387 | S8: =P7*R7/R8 -> #DIV/0! | T8: 19 | U8: =T7*V7/T8 -> #VALUE! | W8: =T7*V7/V8 -> #VALUE! | X8: 28 | Y8: =X7*Z7/X8 -> 2.7142857 | AA8: =X7*Z7/Z8 -> #DIV/0!
C9: cale INTERMEDIAIRE | D9: 62 | E9: m2 | F9: 2 | G9: t/m2 | H9: 61 | I9: m2 | J9: 1.3 | K9: t/m2 | L9: 69 | M9: m2 | N9: 2 | O9: t/m2 | P9: 69 | Q9: m2 | R9: 2 | S9: t/m2 | T9: 57 | U9: m2 | V9: 1.3 | W9: t/m2 | X9: 70 | Y9: m2 | Z9: 1 | AA9: t/m2
D10: 26 | E10: =D9*F9/D10 -> 4.7692308 | G10: =D9*F9/F10 -> #DIV/0! | H10: 26 | I10: =H9*J9/H10 -> 3.05 | K10: =H9*J9/J10 -> #DIV/0! | L10: 30 | M10: =L9*N9/L10 -> 4.6 | O10: =L9*N9/N10 -> #DIV/0! | P10: 31 | Q10: =P9*R9/P10 -> 4.4516129 | S10: =P9*R9/R10 -> #DIV/0! | T10: 21 | U10: =T9*V9/T10 -> 3.5285714 | W10: =T9*V9/V10 -> #DIV/0! | X10: 24 | Y10: =X9*Z9/X10 -> 2.9166667 | AA10: =X9*Z9/Z10 -> #DIV/0!
C11: INF | D11: 20 | E11: m2 | F11: 2.5 | G11: t/m2 | H11: 56 | I11: m2 | J11: 2.5 | K11: t/m2 | L11: 68 | M11: m2 | N11: 2.5 | O11: t/m2 | P11: 66 | Q11: m2 | R11: 2.5 | S11: t/m2 | T11: 59 | U11: m2 | V11: 2.5 | W11: t/m2 | X11: 64 | Y11: m2 | Z11: 2.5 | AA11: t/m2
D12: 9 | E12: =D11*F11/D12 -> 5.5555556 | G12: =D11*F11/F12 -> #DIV/0! | H12: 18 | I12: =H11*J11/H12 -> 7.7777778 | K12: =H11*J11/J12 -> #DIV/0! | L12: 30 | M12: =L11*N11/L12 -> 5.6666667 | O12: =L11*N11/N12 -> #DIV/0! | P12: 26 | Q12: =P11*R11/P12 -> 6.3461538 | S12: =P11*R11/R12 -> #DIV/0! | T12: 19 | U12: =T11*V11/T12 -> 7.7631579 | W12: =T11*V11/V12 -> #DIV/0! | X12: 25 | Y12: =X11*Z11/X12 -> 6.4 | AA12: =X11*Z11/Z12 -> #DIV/0!
C15: total cale sup AR | D15: =D8+H8+L8 -> 82 | G15: total cale superieure | I15: =D15+D17 -> 160 | K15: total | L15: =I15+I19+I23 -> 445
C16: total cale sup AR stacké | D16: =F8+J8+N8 -> 0
C17: total cale sup AV | D17: =P8+T8+X8 -> 78 | G17: total cale superieure stack | I17: =D16+D18 -> 0
C18: total cale sup AV stacké | D18: =R8+V8+Z8 -> 0
C19: total cale int AR | D19: =D10+H10+L10 -> 82 | G19: total cale intermediaire | I19: =D19+D21 -> 158
C20: total cale int AR stacké | D20: =F10+J10+N10 -> 0
C21: total cale int AV | D21: =P10+T10+X10 -> 76 | G21: total cale intermediaire stack | I21: =D20+D22 -> 0
C22: total cale int AV stacké | D22: =R10+V10+Z10 -> 0 | K22: total stack | L22: =I17+I21+I25 -> 0
C23: total cale inf AR | D23: =D12+H12+L12 -> 57 | G23: total cale inferieure | I23: =D23+D25 -> 127
C24: total cale inf AR stacké | D24: =F12+J12+N12 -> 0
C25: total cale inf AV | D25: =P12+T12+X12 -> 70 | G25: total cale inferieure stack | I25: =D24+D26 -> 0
C26: total cale inf AV stacké | D26: =R12+V12+Z12 -> 0

Sheet palettes portuaires
C1: Mise à jour : 14/11/2025
C2: PALETTES CAFE 1800*1400
D4: PARTIE ARRIERE | P4: PARTIE AVANT
D5: bloc arrière | H5: bloc milieu | L5: bloc Avant | P5: Ar | T5: milieu | X5: Avant
D6: simple | E6: kg/U | F6: stack | G6: kg/U stack | H6: simple | I6: kg/U | J6: stack | K6: kg/U stack | L6: simple | M6: kg/U | N6: stack | O6: kg/U stack | P6: simple | Q6: kg/U | R6: stack | S6: kg/U stack | T6: simple | U6: kg/U | V6: stack | W6: kg/U stack | X6: simple | Y6: kg/U | Z6: stack | AA6: kg/U stack
C7: cale SUPERIEURE | D7: 73 | E7: m2 | F7: 1 | G7: t/m2 | H7: 61 | I7: m2 | J7: 1 | K7: t/m2 | L7: 73 | M7: m2 | N7: 1 | O7: t/m2 | P7: 73 | Q7: m2 | R7: 1 | S7: t/m2 | T7: 61m2 | U7: m2 | V7: 1 | W7: t/m2 | X7: 76 | Y7: m2 | Z7: 1 | AA7: t/m2
D8: 21 | E8: =D7*F7/D8 -> 3.4761905 | F8: 42 | G8: =D7*F7/F8 -> 1.7380952 | H8: 19 | I8: =H7*J7/H8 -> 3.2105263 | J8: 38 | K8: =H7*J7/J8 -> 1.6052632 | L8: 23 | M8: =73/22 -> 3.3181818 | N8: 44 | O8: =L7*N7/N8 -> 1.6590909 | P8: 22 | Q8: =P7*R7/P8 -> 3.3181818 | R8: 44 | S8: =P7*R7/R8 -> 1.6590909 | T8: 19 | U8: =T7*V7/T8 -> #VALUE! | V8: 38 | W8: =T7*V7/V8 -> #VALUE! | X8: 21 | Y8: =X7*Z7/X8 -> 3.6190476 | Z8: 42 | AA8: =X7*Z7/Z8 -> 1.8095238
C9: cale INTERMEDIAIRE | D9: 62 | E9: m2 | F9: 2 | G9: t/m2 | H9: 61 | I9: m2 | J9: 1.3 | K9: t/m2 | L9: 69 | M9: m2 | N9: 2 | O9: t/m2 | P9: 69 | Q9: m2 | R9: 2 | S9: t/m2 | T9: 57 | U9: m2 | V9: 1.3 | W9: t/m2 | X9: 70 | Y9: m2 | Z9: 1 | AA9: t/m2
D10: 21 | E10: =D9*F9/D10 -> 5.9047619 | F10: 42 | G10: =D9*F9/F10 -> 2.952381 | H10: 17 | I10: =H9*J9/H10 -> 4.6647059 | J10: 34 | K10: =H9*J9/J10 -> 2.3323529 | L10: 25 | M10: =L9*N9/L10 -> 5.52 | N10: 50 | O10: =L9*N9/N10 -> 2.76 | P10: 23 | Q10: =P9*R9/P10 -> 6 | R10: 46 | S10: =P9*R9/R10 -> 3 | T10: 18 | U10: =T9*V9/T10 -> 4.1166667 | V10: 36 | W10: =T9*V9/V10 -> 2.0583333 | X10: 18 | Y10: =X9*Z9/X10 -> 3.8888889 | Z10: 36 | AA10: =X9*Z9/Z10 -> 1.9444444
C11: INF | D11: 20 | E11: m2 | F11: 2.5 | G11: t/m2 | H11: 56 | I11: m2 | J11: 2.5 | K11: t/m2 | L11: 68 | M11: m2 | N11: 2.5 | O11: t/m2 | P11: 66 | Q11: m2 | R11: 2.5 | S11: t/m2 | T11: 59 | U11: m2 | V11: 2.5 | W11: t/m2 | X11: 64 | Y11: m2 | Z11: 2.5 | AA11: t/m2
D12: 4 | E12: =D11*F11/D12 -> 12.5 | F12: 8 | G12: =D11*F11/F12 -> 6.25 | H12: 12 | I12: =H11*J11/H12 -> 11.666667 | J12: 24 | K12: =H11*J11/J12 -> 5.8333333 | L12: 24 | M12: =L11*N11/L12 -> 7.0833333 | N12: 48 | O12: =L11*N11/N12 -> 3.5416667 | P12: 22 | Q12: =P11*R11/P12 -> 7.5 | R12: 44 | S12: =P11*R11/R12 -> 3.75 | T12: 18 | U12: =T11*V11/T12 -> 8.1944444 | V12: 36 | W12: =T11*V11/V12 -> 4.0972222 | X12: 18 | Y12: =X11*Z11/X12 -> 8.8888889 | Z12: 36 | AA12: =X11*Z11/Z12 -> 4.4444444
C15: total cale sup AR | D15: =D8+H8+L8 -> 63 | G15: total cale superieure | I15: =D15+D17 -> 125 | K15: total | L15: =I15+I19+I23 -> 345
C16: total cale sup AR stacké | D16: =F8+J8+N8 -> 124
C17: total cale sup AV | D17: =P8+T8+X8 -> 62 | G17: total cale superieure stack | I17: =D16+D18 -> 248
C18: total cale sup AV stacké | D18: =R8+V8+Z8 -> 124
C19: total cale int AR | D19: =D10+H10+L10 -> 63 | G19: total cale intermediaire | I19: =D19+D21 -> 122
C20: total cale int AR stacké | D20: =F10+J10+N10 -> 126
C21: total cale int AV | D21: =P10+T10+X10 -> 59 | G21: total cale intermediaire stack | I21: =D20+D22 -> 244
C22: total cale int AV stacké | D22: =R10+V10+Z10 -> 118 | K22: total stack | L22: =I17+I21+I25 -> 688
C23: total cale inf AR | D23: =D12+H12+L12 -> 40 | G23: total cale inferieure | I23: =D23+D25 -> 98
C24: total cale inf AR stacké | D24: =F12+J12+N12 -> 80
C25: total cale inf AV | D25: =P12+T12+X12 -> 58 | G25: total cale inferieure stack | I25: =D24+D26 -> 196
C26: total cale inf AV stacké | D26: =R12+V12+Z12 -> 116
